Workbook

Sheet Autentikasi
A1: Scenario ID | B1: Scenario | C1: Scenario Description | D1: Scenario Type (Negative/Positive) | E1: Prerequisite | F1: Test Case ID | G1: Test Case | H1: Step | I1: Expected Result | J1: Actual Result | K1: Function? (Checklist)
A2: AUTH-01 | B2: Login Mahasiswa | C2: Mahasiswa masuk ke portal magang menggunakan NIM atau email terdaftar. | D2: Positive | E2: Akun mahasiswa sudah dibuat admin dan tidak terkunci. | F2: AUTH-01-TC01 | G2: Login dengan NIM dan password benar | H2: 1. Buka halaman /login 2. Isi kolom NIM dengan NIM terdaftar 3. Isi kolom Kata Sandi dengan password benar 4. Klik tombol "Masuk Ke Portal" | I2: Login berhasil, pengguna diarahkan ke halaman Beranda (/dashboard) dan nama mahasiswa tampil pada banner selamat datang.
A3: AUTH-01 | B3: Login Mahasiswa | C3: Mahasiswa masuk ke portal magang menggunakan NIM atau email terdaftar. | D3: Positive | E3: Akun mahasiswa sudah dibuat admin dan tidak terkunci. | F3: AUTH-01-TC02 | G3: Login menggunakan alamat email | H3: 1. Buka halaman /login 2. Isi kolom NIM dengan alamat email mahasiswa 3. Isi password yang benar 4. Klik "Masuk Ke Portal" | I3: Login berhasil dan diarahkan ke Beranda, sama seperti login dengan NIM.
A4: AUTH-02 | B4: Login Salah Kredensial | C4: Sistem menolak login dengan kredensial yang tidak valid tanpa membocorkan akun mana yang salah. | D4: Negative | E4: Akun mahasiswa terdaftar. | F4: AUTH-02-TC01 | G4: Login dengan password salah | H4: 1. Buka halaman /login 2. Isi NIM yang benar 3. Isi password yang salah 4. Klik "Masuk Ke Portal" | I4: Login ditolak dengan pesan "Kredensial yang diberikan tidak valid." dan pengguna tetap di halaman login.
A5: AUTH-02 | B5: Login Salah Kredensial | C5: Sistem menolak login dengan kredensial yang tidak valid tanpa membocorkan akun mana yang salah. | D5: Negative | E5: - | F5: AUTH-02-TC02 | G5: Login dengan NIM tidak terdaftar | H5: 1. Buka halaman /login 2. Isi NIM yang tidak terdaftar 3. Isi password bebas 4. Klik "Masuk Ke Portal" | I5: Pesan error sama persis dengan password salah (tidak menyebut akun tidak ditemukan) dan waktu respons serupa.
A6: AUTH-03 | B6: Pengamanan Brute Force | C6: Akun terkunci sementara setelah beberapa kali percobaan login gagal beruntun. | D6: Negative | E6: Akun mahasiswa terdaftar. | F6: AUTH-03-TC01 | G6: Login gagal 5 kali berturut-turut | H6: 1. Buka halaman /login 2. Login dengan password salah sebanyak 5 kali berturut-turut 3. Coba login lagi dengan password yang BENAR | I6: Percobaan ke-6 ditolak dengan pesan "Terlalu banyak percobaan login. Silakan coba lagi nanti." walaupun password benar; akun terbuka kembali setelah masa kunci habis.
A7: AUTH-04 | B7: Pembatasan Akses Panel Admin | C7: Panel admin (/admin) hanya boleh diakses Kaprodi, DPM, PPAIP, dan Dosen Penguji. | D7: Negative | E7: Mahasiswa sudah login. | F7: AUTH-04-TC01 | G7: Mahasiswa membuka halaman /admin | H7: 1. Login sebagai mahasiswa 2. Ketik URL /admin pada address bar 3. Tekan Enter | I7: Akses ditolak; mahasiswa tidak dapat masuk ke panel admin.
A8: AUTH-05 | B8: Proteksi Halaman Tanpa Login | C8: Halaman internal tidak dapat diakses tanpa sesi login yang sah. | D8: Negative | E8: Pengguna belum login / sudah logout. | F8: AUTH-05-TC01 | G8: Membuka halaman Beranda tanpa login | H8: 1. Pastikan sudah logout 2. Ketik URL /dashboard pada address bar 3. Tekan Enter | I8: Pengguna otomatis diarahkan ke halaman /login.
A9: AUTH-06 | B9: Logout | C9: Pengguna mengakhiri sesi dengan aman. | D9: Positive | E9: Pengguna sudah login. | F9: AUTH-06-TC01 | G9: Keluar dari akun | H9: 1. Login sebagai mahasiswa 2. Klik tombol "Keluar" pada sidebar 3. Coba tekan tombol Back browser | I9: Sesi berakhir, pengguna diarahkan ke halaman login, dan halaman sebelumnya tidak dapat diakses kembali tanpa login ulang.

Sheet Mahasiswa
A1: Scenario ID | B1: Scenario | C1: Scenario Description | D1: Scenario Type (Negative/Positive) | E1: Prerequisite | F1: Test Case ID | G1: Test Case | H1: Step | I1: Expected Result | J1: Actual Result | K1: Function? (Checklist)
A2: MHS-01 | B2: Pengajuan Form 1 - Magang Wajib | C2: Mahasiswa mengajukan Surat Keterangan Memenuhi Syarat Akademik untuk magang wajib. | D2: Positive | E2: Login sebagai mahasiswa berstatus Unverified; data akademik (semester, SKS, IPK) sudah terisi admin. | F2: MHS-01-TC01 | G2: Mengisi dan mengirim Form 1 jenis Magang Wajib | H2: 1. Buka menu Profil (/form1) 2. Pilih Jenis Magang: "Magang Wajib" 3. Pilih Rencana Skema Magang 4. Isi Topik / Lingkup Magang 5. Pilih Target Output 6. Centang pernyataan kebenaran data 7. Klik "Kirim Pengajuan" | I2: Form 1 tersimpan, status berubah menjadi "Menunggu Review" (PendingReview), dan halaman status menampilkan data yang diajukan termasuk Jenis Magang.
A3: MHS-01 | B3: Pengajuan Form 1 - Magang Wajib | C3: Mahasiswa mengajukan Surat Keterangan Memenuhi Syarat Akademik untuk magang wajib. | D3: Negative | E3: Login sebagai mahasiswa berstatus Unverified. | F3: MHS-01-TC02 | G3: Mengirim Form 1 tanpa memilih Jenis Magang | H3: 1. Buka menu Profil (/form1) 2. Kosongkan pilihan Jenis Magang 3. Isi seluruh kolom lainnya dengan benar 4. Coba klik "Kirim Pengajuan" | I3: Tombol kirim tidak aktif / muncul pesan "Pilih jenis magang terlebih dahulu" dan data tidak terkirim.
A4: MHS-01 | B4: Pengajuan Form 1 - Magang Wajib | C4: Sistem menolak pengajuan bila data akademik mahasiswa belum lengkap. | D4: Negative | E4: Mahasiswa dengan data semester / jumlah SKS / IPK masih kosong. | F4: MHS-01-TC03 | G4: Mengirim Form 1 saat data akademik belum lengkap | H4: 1. Login sebagai mahasiswa yang data akademiknya kosong 2. Buka menu Profil (/form1) 3. Lengkapi seluruh isian yang tersedia 4. Klik "Kirim Pengajuan" | I4: Pengajuan ditolak dengan pesan "Data akademik mahasiswa belum lengkap. Hubungi admin akademik sebelum mengajukan Form 1."
A5: MHS-01 | B5: Pengajuan Form 1 - Magang Wajib | C5: Magang wajib hanya boleh diambil satu kali seumur masa studi. | D5: Negative | E5: Mahasiswa sudah pernah menyelesaikan satu siklus magang wajib dan telah mereset siklus. | F5: MHS-01-TC04 | G5: Memilih Magang Wajib untuk kedua kalinya | H5: 1. Login sebagai mahasiswa yang riwayatnya sudah memuat magang wajib 2. Buka menu Profil (/form1) 3. Perhatikan pilihan Jenis Magang 4. Coba pilih "Magang Wajib" | I5: Opsi "Magang Wajib" tampil redup dengan ikon gembok, tidak dapat dipilih, disertai keterangan bahwa mahasiswa sudah pernah menyelesaikan magang wajib.
A6: MHS-02 | B6: Pengajuan Form 1 - Magang Non-Wajib | C6: Mahasiswa mengajukan Form 1 untuk magang non-wajib (tanpa batas jumlah). | D6: Positive | E6: Login sebagai mahasiswa berstatus Unverified; data akademik lengkap. | F6: MHS-02-TC01 | G6: Mengisi dan mengirim Form 1 jenis Magang Non-Wajib | H6: 1. Buka menu Profil (/form1) 2. Pilih Jenis Magang: "Magang Non-Wajib" 3. Lengkapi skema, topik, dan target output 4. Centang pernyataan 5. Klik "Kirim Pengajuan" | I6: Form 1 tersimpan dengan jenis Non-Wajib, status menjadi "Menunggu Review", dan Jenis Magang tampil pada rincian data pengajuan.
A7: MHS-03 | B7: Status dan Surat Keterangan Form 1 | C7: Mahasiswa memantau status Form 1 dan mengunduh surat keterangan setelah disetujui. | D7: Positive | E7: Form 1 sudah diajukan dan disetujui Kaprodi. | F7: MHS-03-TC01 | G7: Mengunduh Surat Keterangan Memenuhi Syarat Akademik | H7: 1. Login sebagai mahasiswa berstatus ApprovedForm1 2. Buka menu Profil (/form1/status) 3. Klik tombol unduh surat keterangan | I7: File PDF terunduh, isinya sesuai template resmi, memuat data mahasiswa, nama & NIDN Kaprodi, serta tanda centang hijau digital (bukan tanda tangan basah).
A8: MHS-03 | B8: Status dan Surat Keterangan Form 1 | C8: Surat keterangan hanya tersedia setelah Form 1 disetujui. | D8: Negative | E8: Form 1 berstatus PendingReview. | F8: MHS-03-TC02 | G8: Mengunduh surat sebelum Form 1 disetujui | H8: 1. Login sebagai mahasiswa berstatus PendingReview 2. Buka halaman status Form 1 3. Perhatikan ketersediaan tombol unduh | I8: Tombol unduh tidak tersedia; jika endpoint diakses langsung, sistem menolak dengan pesan Form 1 belum disetujui.
A9: MHS-03 | B9: Status dan Surat Keterangan Form 1 | C9: Mahasiswa dapat memperbaiki dan mengajukan ulang Form 1 yang ditolak. | D9: Positive | E9: Form 1 sudah ditolak Kaprodi disertai alasan. | F9: MHS-03-TC03 | G9: Mengajukan ulang Form 1 setelah ditolak | H9: 1. Login sebagai mahasiswa berstatus RejectedForm1 2. Buka halaman status Form 1 dan baca alasan penolakan 3. Klik aksi untuk mengisi ulang Form 1 4. Perbaiki data lalu kirim ulang | I9: Alasan penolakan tampil jelas; setelah dikirim ulang status kembali menjadi "Menunggu Review".
A10: MHS-04 | B10: Portal Lowongan Mitra | C10: Mahasiswa menelusuri dan melamar lowongan magang yang disediakan PPAIP. | D10: Positive | E10: Form 1 sudah disetujui (ApprovedForm1); tersedia lowongan aktif. | F10: MHS-04-TC01 | G10: Melihat daftar dan detail lowongan | H10: 1. Buka menu Lowongan Magang (/portal) 2. Perhatikan daftar lowongan aktif 3. Klik salah satu lowongan untuk melihat detail | I10: Daftar lowongan aktif tampil beserta posisi, lokasi, dan tenggat; halaman detail menampilkan deskripsi, kualifikasi, dan tombol lamar.
A11: MHS-04 | B11: Portal Lowongan Mitra | C11: Mahasiswa melamar lowongan dengan mengunggah CV. | D11: Positive | E11: Form 1 disetujui; file CV format PDF tersedia. | F11: MHS-04-TC02 | G11: Melamar lowongan dengan mengunggah CV | H11: 1. Buka detail salah satu lowongan 2. Klik tombol lamar 3. Unggah berkas CV (PDF) 4. Kirim lamaran | I11: Lamaran tersimpan dengan status "Applied", status mahasiswa berubah menjadi HasApplication, dan lamaran tampil pada daftar lamaran aktif.
A12: MHS-04 | B12: Portal Lowongan Mitra | C12: Sistem mencegah lamaran ganda pada lowongan yang sama. | D12: Negative | E12: Mahasiswa sudah melamar lowongan tersebut. | F12: MHS-04-TC03 | G12: Melamar lowongan yang sama dua kali | H12: 1. Buka detail lowongan yang sudah pernah dilamar 2. Coba kirim lamaran kembali | I12: Sistem menolak dengan pesan "Anda sudah melamar lowongan ini." dan tidak membuat data lamaran baru.
A13: MHS-04 | B13: Portal Lowongan Mitra | C13: Portal terkunci sebelum Form 1 disetujui. | D13: Negative | E13: Mahasiswa berstatus Unverified atau PendingReview. | F13: MHS-04-TC04 | G13: Mengakses portal sebelum Form 1 disetujui | H13: 1. Login sebagai mahasiswa berstatus PendingReview 2. Buka menu Lowongan Magang | I13: Portal tidak dapat diakses / menampilkan status terkunci dengan keterangan Form 1 harus disetujui terlebih dahulu.
... A45: MHS-11 | B45: Tampilan Alur Sesuai Jenis Magang | C45: Menu yang tidak berlaku bagi magang non-wajib ditandai jelas. | D45: Positive | E45: Mahasiswa magang NON-WAJIB. | F45: MHS-11-TC03 | G45: Memeriksa penandaan menu pada sidebar | H45: 1. Login sebagai mahasiswa non-wajib 2. Perhatikan menu Bimbingan & Logbook serta Sidang Magang pada sidebar 3. Arahkan kursor ke menu tersebut | I45: Kedua menu tampil redup dengan ikon gembok dan menampilkan keterangan "tidak berlaku untuk magang non-wajib".

Sheet Kaprodi
A1: Scenario ID | B1: Scenario | C1: Scenario Description | D1: Scenario Type (Negative/Positive) | E1: Prerequisite | F1: Test Case ID | G1: Test Case | H1: Step | I1: Expected Result | J1: Actual Result | K1: Function? (Checklist)
A2: KPR-01 | B2: Review Form 1 Mahasiswa | C2: Kaprodi memverifikasi kelayakan akademik mahasiswa pada Form 1. | D2: Positive | E2: Login sebagai Kaprodi; terdapat mahasiswa se-prodi berstatus PendingReview. | F2: KPR-01-TC01 | G2: Menyetujui Form 1 mahasiswa | H2: 1. Login ke panel admin (/admin) sebagai Kaprodi 2. Buka menu data mahasiswa 3. Pilih mahasiswa berstatus Menunggu Review 4. Periksa data akademik dan jenis magang 5. Klik aksi Setujui Form 1 | I2: Status mahasiswa berubah menjadi ApprovedForm1, nama dan NIDN Kaprodi tercatat sebagai penyetuju beserta tanggal persetujuan.
A3: KPR-01 | B3: Review Form 1 Mahasiswa | C3: Kaprodi menolak Form 1 disertai alasan yang dapat dibaca mahasiswa. | D3: Positive | E3: Terdapat mahasiswa berstatus PendingReview. | F3: KPR-01-TC02 | G3: Menolak Form 1 dengan alasan | H3: 1. Buka data mahasiswa berstatus Menunggu Review 2. Klik aksi Tolak Form 1 3. Isi alasan penolakan 4. Simpan | I3: Status mahasiswa menjadi RejectedForm1 dan alasan penolakan tampil pada halaman status mahasiswa.
A4: KPR-01 | B4: Review Form 1 Mahasiswa | C4: Alasan penolakan bersifat wajib. | D4: Negative | E4: Terdapat mahasiswa berstatus PendingReview. | F4: KPR-01-TC03 | G4: Menolak Form 1 tanpa mengisi alasan | H4: 1. Buka data mahasiswa berstatus Menunggu Review 2. Klik aksi Tolak Form 1 3. Kosongkan kolom alasan 4. Klik simpan | I4: Sistem menolak aksi dan menampilkan pesan bahwa alasan penolakan wajib diisi.
A5: KPR-01 | B5: Review Form 1 Mahasiswa | C5: Kaprodi mengetahui jenis magang yang diajukan sebelum memutuskan. | D5: Positive | E5: Terdapat pengajuan Form 1 magang wajib dan non-wajib. | F5: KPR-01-TC04 | G5: Memeriksa informasi jenis magang pada data Form 1 | H5: 1. Buka detail Form 1 salah satu mahasiswa 2. Perhatikan informasi jenis magang, skema, topik, dan target output | I5: Jenis magang (Wajib / Non-Wajib) beserta data Form 1 lainnya tampil jelas pada halaman review.
A6: KPR-01 | B6: Review Form 1 Mahasiswa | C6: Kaprodi hanya berwenang atas mahasiswa program studinya sendiri. | D6: Negative | E6: Terdapat mahasiswa dari program studi lain. | F6: KPR-01-TC05 | G6: Mengakses mahasiswa program studi lain | H6: 1. Login sebagai Kaprodi program studi A 2. Buka daftar mahasiswa 3. Cari mahasiswa dari program studi B | I6: Mahasiswa program studi lain tidak muncul pada daftar dan tidak dapat direview oleh Kaprodi tersebut.
A7: KPR-02 | B7: Penunjukan Dosen Pembimbing | C7: Kaprodi menunjuk DPM berdasarkan pengajuan mahasiswa. | D7: Positive | E7: Mahasiswa magang wajib sudah mengirim pengajuan DPM (status HasApplication). | F7: KPR-02-TC01 | G7: Menunjuk DPM untuk mahasiswa | H7: 1. Buka daftar pengajuan pembimbing 2. Pilih mahasiswa yang mengajukan 3. Periksa data perusahaan dan LoA 4. Pilih dosen pembimbing 5. Simpan penunjukan | I7: Status mahasiswa berubah menjadi HasDPM, nama DPM tampil pada dashboard mahasiswa, dan menu logbook terbuka.
A8: KPR-02 | B8: Penunjukan Dosen Pembimbing | C8: Kaprodi memverifikasi bukti LoA sebelum menunjuk DPM. | D8: Positive | E8: Terdapat pengajuan DPM yang menyertakan LoA. | F8: KPR-02-TC02 | G8: Mengunduh berkas LoA mahasiswa | H8: 1. Buka detail pengajuan pembimbing 2. Klik pratinjau atau unduh LoA | I8: Berkas LoA dapat dibuka/diunduh dengan benar dan sesuai berkas yang diunggah mahasiswa.
A9: KPR-03 | B9: Penjadwalan Sidang Magang | C9: Kaprodi menjadwalkan sidang dan menetapkan dua dosen penguji. | D9: Positive | E9: Mahasiswa berstatus MenungguSidang dan dokumen sidang lengkap. | F9: KPR-03-TC01 | G9: Menjadwalkan sidang dengan dua penguji | H9: 1. Buka menu penjadwalan sidang 2. Pilih mahasiswa berstatus Menunggu Sidang 3. Isi tanggal, waktu, dan ruangan 4. Pilih Dosen Penguji 1 dan Dosen Penguji 2 5. Simpan jadwal | I9: Jadwal tersimpan, status pengajuan sidang menjadi Scheduled, dan jadwal tampil pada halaman mahasiswa serta dashboard penguji.
A10: KPR-03 | B10: Penjadwalan Sidang Magang | C10: Data penjadwalan sidang wajib lengkap. | D10: Negative | E10: Mahasiswa berstatus MenungguSidang. | F10: KPR-03-TC02 | G10: Menyimpan jadwal tanpa memilih penguji | H10: 1. Buka form penjadwalan sidang 2. Isi tanggal dan ruangan saja 3. Kosongkan pilihan penguji 4. Klik simpan | I10: Sistem menolak penyimpanan dan menampilkan pesan bahwa dosen penguji wajib dipilih.
A11: KPR-04 | B11: Penyelesaian Siklus Magang | C11: Siklus magang wajib ditutup setelah seluruh penilaian sidang lengkap. | D11: Positive | E11: Sidang berstatus Scheduled dan ketiga penilaian (DPM, Penguji 1, Penguji 2) sudah terisi. | F11: KPR-04-TC01 | G11: Menyelesaikan siklus magang mahasiswa | H11: 1. Buka daftar mahasiswa berstatus Menunggu Sidang 2. Pastikan progres penilaian menunjukkan 3/3 3. Klik aksi Selesaikan Siklus 4. Konfirmasi | I11: Status mahasiswa menjadi SiklusSelesai, nilai akhir dan grade huruf tersimpan pada riwayat magang, serta data DPM dikosongkan.
A12: KPR-04 | B12: Penyelesaian Siklus Magang | C12: Siklus tidak dapat ditutup sebelum penilaian lengkap. | D12: Negative | E12: Baru 2 dari 3 penilaian sidang yang terisi. | F12: KPR-04-TC02 | G12: Menyelesaikan siklus sebelum penilaian lengkap | H12: 1. Buka data mahasiswa dengan penilaian 2/3 2. Coba jalankan aksi Selesaikan Siklus | I12: Sistem menolak dengan pesan bahwa penilaian DPM, Penguji 1, dan Penguji 2 harus lengkap terlebih dahulu.
A13: KPR-05 | B13: Pemantauan Data Mahasiswa | C13: Kaprodi memantau perkembangan mahasiswa bimbingan program studinya. | D13: Positive | E13: Login sebagai Kaprodi. | F13: KPR-05-TC01 | G13: Melihat daftar dan progres mahasiswa se-prodi | H13: 1. Buka menu data mahasiswa pada panel admin 2. Perhatikan kolom status, DPM, dan jumlah logbook disetujui | I13: Daftar mahasiswa program studi terkait tampil lengkap dengan status siklus, DPM, dan progres logbook yang akurat.

Sheet PPAIP
A1: Scenario ID | B1: Scenario | C1: Scenario Description | D1: Scenario Type (Negative/Positive) | E1: Prerequisite | F1: Test Case ID | G1: Test Case | H1: Step | I1: Expected Result | J1: Actual Result | K1: Function? (Checklist)
A2: PPA-01 | B2: Review Form 2 (Surat Pengantar) | C2: PPAIP menyetujui Form 2 mahasiswa magang wajib. | D2: Positive | E2: Login sebagai PPAIP; ada Form 2 magang WAJIB berstatus PendingReview. | F2: PPA-01-TC01 | G2: Menyetujui Form 2 mahasiswa magang wajib | H2: 1. Login ke panel admin sebagai PPAIP 2. Buka menu Form 2 3. Pilih pengajuan berstatus Menunggu Review 4. Klik aksi Setujui 5. Baca dialog konfirmasi lalu konfirmasi | I2: Dialog menyebut mahasiswa akan lanjut ke tahap pengajuan DPM; setelah disetujui status Form 2 menjadi ApprovedForm2 dan status mahasiswa menjadi HasApplication.
A3: PPA-01 | B3: Review Form 2 (Surat Pengantar) | C3: PPAIP menyetujui Form 2 mahasiswa magang non-wajib. | D3: Positive | E3: Ada Form 2 magang NON-WAJIB berstatus PendingReview. | F3: PPA-01-TC02 | G3: Menyetujui Form 2 mahasiswa magang non-wajib | H3: 1. Buka menu Form 2 pada panel admin 2. Pilih pengajuan mahasiswa non-wajib 3. Klik aksi Setujui 4. Baca dialog konfirmasi lalu konfirmasi | I3: Dialog menyebut mahasiswa akan diminta konfirmasi penerimaan (unggah LoA) dan tidak melalui tahap DPM/sidang; status mahasiswa berubah menjadi MenungguKonfirmasi.
A4: PPA-01 | B4: Review Form 2 (Surat Pengantar) | C4: PPAIP menolak Form 2 disertai alasan. | D4: Positive | E4: Ada Form 2 berstatus PendingReview. | F4: PPA-01-TC03 | G4: Menolak Form 2 dengan alasan | H4: 1. Buka menu Form 2 2. Pilih pengajuan berstatus Menunggu Review 3. Klik aksi Tolak 4. Isi alasan penolakan lalu simpan | I4: Status Form 2 menjadi RejectedForm2, alasan tampil pada halaman mahasiswa, dan status siklus mahasiswa tidak berubah.
A5: PPA-01 | B5: Review Form 2 (Surat Pengantar) | C5: Alasan penolakan Form 2 bersifat wajib. | D5: Negative | E5: Ada Form 2 berstatus PendingReview. | F5: PPA-01-TC04 | G5: Menolak Form 2 tanpa alasan | H5: 1. Buka pengajuan Form 2 2. Klik aksi Tolak 3. Kosongkan alasan lalu simpan | I5: Sistem menolak aksi dan menampilkan pesan bahwa alasan penolakan wajib diisi.
A6: PPA-02 | B6: Pengelolaan Lowongan Mitra | C6: PPAIP mengelola lowongan magang yang tampil di portal mahasiswa. | D6: Positive | E6: Login sebagai PPAIP. | F6: PPA-02-TC01 | G6: Menambah lowongan magang baru | H6: 1. Buka menu Lowongan pada panel admin 2. Klik tambah lowongan 3. Isi nama perusahaan, posisi, deskripsi, lokasi, dan tenggat 4. Simpan | I6: Lowongan tersimpan, berstatus aktif, dan langsung tampil pada portal mahasiswa.
A7: PPA-02 | B7: Pengelolaan Lowongan Mitra | C7: PPAIP memperbarui data lowongan yang sudah ada. | D7: Positive | E7: Terdapat lowongan aktif. | F7: PPA-02-TC02 | G7: Mengubah data lowongan | H7: 1. Buka daftar lowongan 2. Pilih salah satu lowongan lalu klik ubah 3. Perbarui data (mis. kapasitas atau tenggat) 4. Simpan | I7: Perubahan tersimpan dan tampil sesuai pada portal mahasiswa.
A8: PPA-02 | B8: Pengelolaan Lowongan Mitra | C8: Lowongan dapat dinonaktifkan agar tidak tampil di portal. | D8: Positive | E8: Terdapat lowongan aktif. | F8: PPA-02-TC03 | G8: Menonaktifkan atau menghapus lowongan | H8: 1. Buka daftar lowongan 2. Nonaktifkan atau hapus salah satu lowongan 3. Buka portal mahasiswa | I8: Lowongan tidak lagi tampil pada portal mahasiswa dan tidak dapat dilamar.
A9: PPA-02 | B9: Pengelolaan Lowongan Mitra | C9: Validasi kelengkapan data lowongan. | D9: Negative | E9: Login sebagai PPAIP. | F9: PPA-02-TC04 | G9: Menyimpan lowongan tanpa data wajib | H9: 1. Klik tambah lowongan 2. Kosongkan nama perusahaan / posisi / tenggat 3. Klik simpan | I9: Sistem menolak penyimpanan dan menandai kolom wajib yang belum diisi.
A10: PPA-03 | B10: Pengelolaan Pelamar Mitra | C10: PPAIP memantau dan mengelola pelamar lowongan mitra. | D10: Positive | E10: Terdapat mahasiswa yang sudah melamar lowongan. | F10: PPA-03-TC01 | G10: Melihat daftar pelamar lowongan | H10: 1. Buka menu Pelamar Mitra pada panel admin 2. Perhatikan daftar pelamar 3. Gunakan filter status atau program studi | I10: Daftar pelamar tampil lengkap (NIM, nama, prodi, perusahaan, posisi, status lamaran) dan filter berfungsi dengan benar.
A11: PPA-03 | B11: Pengelolaan Pelamar Mitra | C11: PPAIP memeriksa CV pelamar sebelum meneruskan ke mitra. | D11: Positive | E11: Terdapat pelamar yang mengunggah CV. | F11: PPA-03-TC02 | G11: Pratinjau dan unduh CV pelamar | H11: 1. Buka daftar pelamar mitra 2. Pilih salah satu pelamar 3. Klik pratinjau CV lalu unduh CV | I11: Berkas CV terbuka dan terunduh dengan benar sesuai berkas yang diunggah mahasiswa.
A12: PPA-03 | B12: Pengelolaan Pelamar Mitra | C12: Data pelamar dapat diekspor untuk kebutuhan pelaporan. | D12: Positive | E12: Terdapat data pelamar. | F12: PPA-03-TC03 | G12: Mengekspor data pelamar ke Excel | H12: 1. Buka menu Pelamar Mitra 2. Klik tombol Export 3. Buka berkas hasil unduhan | I12: Berkas Excel terunduh dan berisi data pelamar yang sesuai dengan yang tampil pada aplikasi.
A13: PPA-04 | B13: Pemantauan Mahasiswa Lintas Prodi | C13: PPAIP memantau seluruh mahasiswa magang lintas program studi. | D13: Positive | E13: Login sebagai PPAIP. | F13: PPA-04-TC01 | G13: Melihat rekap mahasiswa dan progres siklus | H13: 1. Buka menu data mahasiswa pada panel admin 2. Perhatikan status siklus, jalur, dan progres penilaian sidang | I13: Seluruh mahasiswa dari semua program studi tampil dengan status siklus dan progres penilaian yang akurat.
... A15: PPA-05 | B15: Pengelolaan Data Dosen | C15: PPAIP mengelola data dosen yang berperan sebagai Kaprodi, DPM, dan penguji. | D15: Positive | E15: Login sebagai PPAIP. | F15: PPA-05-TC01 | G15: Menambah dan memperbarui data dosen | H15: 1. Buka menu data dosen pada panel admin 2. Tambah dosen baru (NIDN, nama, program studi, kontak) 3. Simpan lalu ubah salah satu datanya | I15: Data dosen tersimpan dan diperbarui dengan benar, serta muncul sebagai pilihan saat penunjukan DPM/penguji.

Sheet DPM
A1: Scenario ID | B1: Scenario | C1: Scenario Description | D1: Scenario Type (Negative/Positive) | E1: Prerequisite | F1: Test Case ID | G1: Test Case | H1: Step | I1: Expected Result | J1: Actual Result | K1: Function? (Checklist)
A2: DPM-01 | B2: Review Logbook Mahasiswa | C2: DPM memverifikasi logbook kegiatan mahasiswa bimbingannya. | D2: Positive | E2: Login sebagai DPM; terdapat logbook mahasiswa bimbingan berstatus Menunggu Review. | F2: DPM-01-TC01 | G2: Menyetujui logbook mahasiswa | H2: 1. Login ke panel admin sebagai DPM 2. Buka menu logbook 3. Pilih mahasiswa bimbingan 4. Periksa isi logbook 5. Klik aksi Setujui | I2: Status logbook berubah menjadi Disetujui dan progres logbook mahasiswa bertambah satu.
A3: DPM-01 | B3: Review Logbook Mahasiswa | C3: DPM menolak logbook yang belum sesuai disertai catatan perbaikan. | D3: Positive | E3: Terdapat logbook berstatus Menunggu Review. | F3: DPM-01-TC02 | G3: Menolak logbook dengan catatan | H3: 1. Buka daftar logbook mahasiswa bimbingan 2. Pilih logbook yang akan ditolak 3. Klik aksi Tolak 4. Isi catatan perbaikan lalu simpan | I3: Status logbook menjadi Ditolak dan catatan DPM tampil pada halaman logbook mahasiswa.
A4: DPM-01 | B4: Review Logbook Mahasiswa | C4: Catatan wajib diisi saat menolak logbook. | D4: Negative | E4: Terdapat logbook berstatus Menunggu Review. | F4: DPM-01-TC03 | G4: Menolak logbook tanpa catatan | H4: 1. Pilih logbook yang akan ditolak 2. Klik aksi Tolak 3. Kosongkan catatan lalu simpan | I4: Sistem menolak aksi dan menampilkan pesan bahwa catatan wajib diisi.
A5: DPM-01 | B5: Review Logbook Mahasiswa | C5: DPM hanya dapat mengakses logbook mahasiswa bimbingannya. | D5: Negative | E5: Terdapat mahasiswa yang dibimbing DPM lain. | F5: DPM-01-TC04 | G5: Mengakses logbook mahasiswa bimbingan dosen lain | H5: 1. Login sebagai DPM A 2. Buka daftar logbook 3. Cari mahasiswa yang dibimbing DPM B | I5: Mahasiswa bimbingan DPM lain tidak tampil pada daftar dan logbooknya tidak dapat direview.
A6: DPM-01 | B6: Review Logbook Mahasiswa | C6: Persetujuan logbook keenam membuka tahap sidang bagi mahasiswa. | D6: Positive | E6: Mahasiswa sudah memiliki 5 logbook disetujui. | F6: DPM-01-TC05 | G6: Menyetujui logbook keenam | H6: 1. Setujui logbook keenam milik mahasiswa 2. Periksa status mahasiswa pada daftar 3. Konfirmasi tampilan pada akun mahasiswa | I6: Status mahasiswa otomatis berubah menjadi LogbookComplete dan menu Sidang Magang terbuka pada akun mahasiswa.
A7: DPM-02 | B7: Penilaian Sidang oleh DPM | C7: DPM memberikan penilaian sidang sesuai perannya. | D7: Positive | E7: Sidang mahasiswa bimbingan sudah dijadwalkan (Scheduled). | F7: DPM-02-TC01 | G7: Menginput nilai sidang sebagai DPM | H7: 1. Buka menu penilaian sidang 2. Pilih mahasiswa bimbingan yang sidangnya telah dijadwalkan 3. Isi nilai kinerja magang, laporan akhir, dan presentasi 4. Simpan penilaian | I7: Nilai tersimpan sebagai penilaian peran DPM dan progres penilaian sidang bertambah menjadi 1/3.
A8: DPM-02 | B8: Penilaian Sidang oleh DPM | C8: Validasi rentang nilai yang diperbolehkan. | D8: Negative | E8: Sidang sudah dijadwalkan. | F8: DPM-02-TC02 | G8: Menginput nilai di luar rentang 0-100 | H8: 1. Buka form penilaian sidang 2. Isi salah satu komponen nilai dengan angka lebih dari 100 atau negatif 3. Simpan | I8: Sistem menolak penyimpanan dan menampilkan pesan validasi rentang nilai.
A9: DPM-02 | B9: Penilaian Sidang oleh DPM | C9: Nilai yang sudah diinput dapat diperbaiki sebelum siklus ditutup. | D9: Positive | E9: DPM sudah menginput nilai dan siklus belum diselesaikan. | F9: DPM-02-TC03 | G9: Memperbarui nilai yang sudah tersimpan | H9: 1. Buka kembali form penilaian mahasiswa yang sama 2. Ubah salah satu komponen nilai 3. Simpan | I9: Nilai diperbarui tanpa menciptakan data penilaian ganda (tetap satu penilaian untuk peran DPM).
A10: DPM-03 | B10: Data Mahasiswa Bimbingan | C10: DPM memantau mahasiswa bimbingannya. | D10: Positive | E10: Login sebagai DPM dengan minimal satu mahasiswa bimbingan. | F10: DPM-03-TC01 | G10: Melihat daftar mahasiswa bimbingan | H10: 1. Buka menu mahasiswa bimbingan pada panel admin 2. Perhatikan status dan progres logbook masing-masing mahasiswa | I10: Hanya mahasiswa bimbingan DPM tersebut yang tampil, lengkap dengan status siklus dan progres logbook.

Sheet Dosen Penguji
A1: Scenario ID | B1: Scenario | C1: Scenario Description | D1: Scenario Type (Negative/Positive) | E1: Prerequisite | F1: Test Case ID | G1: Test Case | H1: Step | I1: Expected Result | J1: Actual Result | K1: Function? (Checklist)
A2: PGJ-01 | B2: Penilaian Sidang oleh Dosen Penguji | C2: Dosen penguji melihat jadwal sidang yang ditugaskan kepadanya. | D2: Positive | E2: Login sebagai Dosen Penguji; sudah ditetapkan sebagai Penguji 1 atau 2 pada minimal satu sidang. | F2: PGJ-01-TC01 | G2: Melihat daftar sidang yang diuji | H2: 1. Login ke panel admin sebagai Dosen Penguji 2. Buka menu sidang yang diuji 3. Perhatikan daftar mahasiswa, jadwal, dan ruangan | I2: Hanya sidang tempat dosen tersebut ditugaskan yang tampil, lengkap dengan tanggal, waktu, dan ruangan.
A3: PGJ-01 | B3: Penilaian Sidang oleh Dosen Penguji | C3: Dosen penguji memberikan penilaian sesuai perannya. | D3: Positive | E3: Sidang berstatus Scheduled dan dosen ditetapkan sebagai Penguji 1. | F3: PGJ-01-TC02 | G3: Menginput nilai sebagai Penguji 1 | H3: 1. Buka daftar sidang yang diuji 2. Pilih mahasiswa yang akan dinilai 3. Isi nilai kinerja magang, laporan akhir, dan presentasi 4. Simpan penilaian | I3: Nilai tersimpan sebagai penilaian peran Penguji 1 dan progres penilaian bertambah.
A4: PGJ-01 | B4: Penilaian Sidang oleh Dosen Penguji | C4: Penilaian Penguji 2 tercatat terpisah dari Penguji 1. | D4: Positive | E4: Sidang berstatus Scheduled dan dosen ditetapkan sebagai Penguji 2. | F4: PGJ-01-TC03 | G4: Menginput nilai sebagai Penguji 2 | H4: 1. Login sebagai dosen yang ditetapkan sebagai Penguji 2 2. Buka sidang mahasiswa yang sama 3. Isi ketiga komponen nilai 4. Simpan | I4: Nilai tersimpan terpisah sebagai peran Penguji 2 dan progres penilaian menjadi lengkap (3/3) bila DPM sudah menilai.
A5: PGJ-01 | B5: Penilaian Sidang oleh Dosen Penguji | C5: Dosen tidak dapat menilai sidang yang bukan tugasnya. | D5: Negative | E5: Terdapat sidang yang tidak menugaskan dosen tersebut. | F5: PGJ-01-TC04 | G5: Mengakses sidang yang tidak ditugaskan | H5: 1. Login sebagai Dosen Penguji 2. Buka daftar sidang 3. Cari sidang mahasiswa yang tidak menugaskan dosen tersebut | I5: Sidang tersebut tidak tampil pada daftar dan penilaiannya tidak dapat diisi.
A6: PGJ-02 | B6: Perhitungan Nilai Akhir Sidang | C6: Nilai akhir dihitung dari bobot komponen dan rata-rata penguji. | D6: Positive | E6: Ketiga penilaian (DPM, Penguji 1, Penguji 2) sudah terisi. | F6: PGJ-02-TC01 | G6: Memverifikasi perhitungan nilai akhir dan grade | H6: 1. Isi ketiga penilaian dengan nilai yang diketahui (mis. DPM 80, Penguji 1 82, Penguji 2 84) 2. Buka rekap penilaian pada panel PPAIP/Kaprodi 3. Bandingkan nilai akhir dengan perhitungan manual (bobot: kinerja 50%, laporan 30%, presentasi 20%; nilai akhir = (nilai DPM + rata-rata penguji x 2) / 3) | I6: Nilai akhir yang ditampilkan sistem sama dengan hasil perhitungan manual dan grade huruf sesuai rentang (mis. 82 = A-).

Sheet Rekap Hasil
B2: REKAPITULASI HASIL PENGUJIAN
B4: Lembar Pengujian | C4: Jumlah Test Case | D4: Berfungsi (Ya) | E4: Tidak Berfungsi | F4: Belum Diuji | G4: Persentase Berhasil
B5: Autentikasi | C5: =COUNTA(Autentikasi!A2:A9) -> 8 | D5: =COUNTIF(Autentikasi!K2:K9,"Ya") -> 0 | E5: =COUNTIF(Autentikasi!K2:K9,"Tidak") -> 0 | F5: =C5-D5-E5 -> 8 | G5: =IFERROR(D5/C5,0) -> 0
B6: Mahasiswa | C6: =COUNTA(Mahasiswa!A2:A45) -> 44 | D6: =COUNTIF(Mahasiswa!K2:K45,"Ya") -> 0 | E6: =COUNTIF(Mahasiswa!K2:K45,"Tidak") -> 0 | F6: =C6-D6-E6 -> 44 | G6: =IFERROR(D6/C6,0) -> 0
B7: Kaprodi | C7: =COUNTA(Kaprodi!A2:A13) -> 12 | D7: =COUNTIF(Kaprodi!K2:K13,"Ya") -> 0 | E7: =COUNTIF(Kaprodi!K2:K13,"Tidak") -> 0 | F7: =C7-D7-E7 -> 12 | G7: =IFERROR(D7/C7,0) -> 0
B8: PPAIP | C8: =COUNTA(PPAIP!A2:A15) -> 14 | D8: =COUNTIF(PPAIP!K2:K15,"Ya") -> 0 | E8: =COUNTIF(PPAIP!K2:K15,"Tidak") -> 0 | F8: =C8-D8-E8 -> 14 | G8: =IFERROR(D8/C8,0) -> 0
B9: DPM | C9: =COUNTA(DPM!A2:A10) -> 9 | D9: =COUNTIF(DPM!K2:K10,"Ya") -> 0 | E9: =COUNTIF(DPM!K2:K10,"Tidak") -> 0 | F9: =C9-D9-E9 -> 9 | G9: =IFERROR(D9/C9,0) -> 0
B10: Dosen Penguji | C10: =COUNTA('Dosen Penguji'!A2:A6) -> 5 | D10: =COUNTIF('Dosen Penguji'!K2:K6,"Ya") -> 0 | E10: =COUNTIF('Dosen Penguji'!K2:K6,"Tidak") -> 0 | F10: =C10-D10-E10 -> 5 | G10: =IFERROR(D10/C10,0) -> 0
B11: TOTAL | C11: =SUM(C5:C10) -> 92 | D11: =SUM(D5:D10) -> 0 | E11: =SUM(E5:E10) -> 0 | F11: =SUM(F5:F10) -> 92 | G11: =IFERROR(D11/C11,0) -> 0
B14: Kesimpulan Pengujian
B15: Catatan Umum
B16: Rekomendasi
B17: Disetujui Oleh (PPAIP)
B18: Tanggal
